Title,TypeProgram,Classification,Country,Year,Category,Channel
Dr Who Series 15, Series, PG, GB,2023, Science fiction, BBC One
The Fall Series 1, Series, 15, GB,2020, Thriller, BBC One
The Fall Series 2, Series, 15, GB,2021, Thriller, BBC One
The Fall Series 3, Series, 15, GB,2022, Thriller, BBC One
Inside No 9, Series, 15, GB,2009, Horror, BBC Two
The coronation of King Charles III, Live, U, GB,2023, History, BBC One
StoryVille, Documentaries, 12, GB,2000, History, BBC Four
Maigret, Film, 15, FR,1990, Murder, BBC Four
News at 10,News,12,GB,2024,News,BBC One
N,e,w,s, ,a,t
N,e,w,s, ,a,t
News at 10,News,12,GB,2024,News,BBC One
News at 10,News,12,GB,2024,News,BBC One
News at 10,News,12,GB,2024,News,BBC One
N,e,w,s, ,a,t
N,e,w,s, ,a,t
N,e,w,s, ,a,t
News at 10, News, 12, GB, 2024, News, BBC One
