Streamer,Title,Classification,Country,Year,Rental,Purchase,Stars
OduFlix,Jurassic Park,Unknown,USA,1992,0.0,0.0,5.0
OduFlix,Jurassic Park II,Unknown,USA,1995,0.0,0.0,3.0
OduFlix,Star Wars,Unknown,USA,1979,0.0,0.0,5.0
OduFlix,Love Acturally,Unknown,UK,2000,0.0,0.0,4.0
OduFlix,Jurassic Park II,Unknown,USA,1992,0.0,0.0,5.0
OduFlix,Jurassic Park II,Unknown,USA,1992,0.0,0.0,5.0
OduFlix,Jurassic Park II,Unknown,USA,1992,0.0,0.0,5.0
OduFlix,Jurassic Park II,Unknown,USA,1992,0.0,0.0,5.0
OduFlix,Jurassic Park II,Unknown,USA,1992,0.0,0.0,5.0
OduFlix,Jurassic Park II,Unknown,USA,1992,0.0,0.0,5.0
OduFlix,Jurassic Park II,Unknown,USA,1992,0.0,0.0,5.0
OduFlix,Jurassic Park II,Unknown,USA,1992,0.0,0.0,5.0
OduFlix,Jurassic Park II,Unknown,USA,1992,0.0,0.0,5.0
OduFlix,Jurassic Park II,Unknown,USA,1992,0.0,0.0,5.0
OduFlix,Jurassic Park II,Unknown,USA,1992,0.0,0.0,5.0
OduFlix,Jurassic Park II,Unknown,USA,1992,0.0,0.0,5.0
OduFlix,Jurassic Park II,Unknown,USA,1992,0.0,0.0,5.0
OduFlix,Jurassic Park II,Unknown,USA,1992,0.0,0.0,5.0
OduFlix,Jurassic Park II,Unknown,USA,1992,0.0,0.0,5.0
OduFlix,Jurassic Park II,Unknown,USA,1992,0.0,0.0,5.0
OduFlix,Jurassic Park II,Unknown,USA,1992,0.0,0.0,5.0
OduFlix,Jurassic Park II,Unknown,USA,1992,0.0,0.0,5.0
OduFlix,Jurassic Park II,Unknown,USA,1992,0.0,0.0,5.0
OduFlix,Jurassic Park II,Unknown,USA,1992,0.0,0.0,5.0
OduFlix,Jurassic Park II,Unknown,USA,1992,0.0,0.0,5.0
OduFlix,Jurassic Park II,Unknown,USA,1992,0.0,0.0,5.0
OduFlix,Jurassic Park II,Unknown,USA,1992,0.0,0.0,5.0
OduFlix,Jurassic Park II,Unknown,USA,1992,0.0,0.0,5.0
OduFlix,Jurassic Park II,Unknown,USA,1992,0.0,0.0,5.0
OduFlix,Jurassic Park II,Unknown,USA,1992,0.0,0.0,5.0
OduFlix,Jurassic Park II,Unknown,USA,1992,0.0,0.0,5.0
OduFlix,Jurassic Park II,Unknown,USA,1992,0.0,0.0,5.0
OduFlix,Jurassic Park II,Unknown,USA,1992,0.0,0.0,5.0
OduFlix,Jurassic Park II,Unknown,USA,1992,0.0,0.0,5.0
OduFlix,Jurassic Park II,Unknown,USA,1992,0.0,0.0,5.0
OduFlix,Jurassic Park II,Unknown,USA,1992,0.0,0.0,5.0
OduFlix,Jurassic Park II,Unknown,USA,1992,0.0,0.0,5.0
OduFlix,Jurassic Park II,Unknown,USA,1992,0.0,0.0,5.0
OduFlix,Jurassic Park II,Unknown,USA,1992,0.0,0.0,5.0
OduFlix,Jurassic Park II,Unknown,USA,1992,0.0,0.0,5.0
OduFlix,Jurassic Park II,Unknown,USA,1992,0.0,0.0,5.0
OduFlix,Jurassic Park II,Unknown,USA,1992,0.0,0.0,5.0
OduFlix,Jurassic Park II,Unknown,USA,1992,0.0,0.0,5.0
OduFlix,Jurassic Park II,Unknown,USA,1992,0.0,0.0,5.0
OduFlix,Jurassic Park II,Unknown,USA,1992,0.0,0.0,5.0
OduFlix,Jurassic Park II,Unknown,USA,1992,0.0,0.0,5.0
OduFlix,Jurassic Park II,Unknown,USA,1992,0.0,0.0,5.0
OduFlix,Jurassic Park II,Unknown,USA,1992,0.0,0.0,5.0
OduFlix,Jurassic Park II,Unknown,USA,1992,0.0,0.0,5.0
OduFlix,Jurassic Park II,Unknown,USA,1992,0.0,0.0,5.0
OduFlix,Jurassic Park II,Unknown,USA,1992,0.0,0.0,5.0
OduFlix,Jurassic Park II,Unknown,USA,1992,0.0,0.0,5.0
OduFlix,Jurassic Park II,Unknown,USA,1992,0.0,0.0,5.0
OduFlix,Jurassic Park II,Unknown,USA,1992,0.0,0.0,5.0
OduFlix,Jurassic Park II,Unknown,USA,1992,0.0,0.0,5.0
OduFlix,Jurassic Park II,Unknown,USA,1992,0.0,0.0,5.0
OduFlix,Jurassic Park II,Unknown,USA,1992,0.0,0.0,5.0
OduFlix,Jurassic Park II,Unknown,USA,1992,0.0,0.0,5.0
OduFlix,Jurassic Park II,Unknown,USA,1992,0.0,0.0,5.0
OduFlix,Jurassic Park II,Unknown,USA,1992,0.0,0.0,5.0
OduFlix,Jurassic Park II,Unknown,USA,1992,0.0,0.0,5.0
OduFlix,Jurassic Park II,Unknown,USA,1992,0.0,0.0,5.0
OduFlix,Jurassic Park II,Unknown,USA,1992,0.0,0.0,5.0
OduFlix,Jurassic Park II,Unknown,USA,1992,0.0,0.0,5.0
OduFlix,Jurassic Park II,Unknown,USA,1992,0.0,0.0,5.0
OduFlix,Jurassic Park II,Unknown,USA,1992,0.0,0.0,5.0
OduFlix,Jurassic Park II,Unknown,USA,1992,0.0,0.0,5.0
OduFlix,Jurassic Park II,Unknown,USA,1992,0.0,0.0,5.0
OduFlix,Jurassic Park II,Unknown,USA,1992,0.0,0.0,5.0
OduFlix,Jurassic Park II,Unknown,USA,1992,0.0,0.0,5.0
OduFlix,Jurassic Park II,Unknown,USA,1992,0.0,0.0,5.0
OduFlix,Jurassic Park II,Unknown,USA,1992,0.0,0.0,5.0
OduFlix,Jurassic Park II,Unknown,USA,1992,0.0,0.0,5.0
OduFlix,Jurassic Park II,Unknown,USA,1992,0.0,0.0,5.0
OduFlix,Jurassic Park II,Unknown,USA,1992,0.0,0.0,5.0
OduFlix,Jurassic Park II,Unknown,USA,1992,0.0,0.0,5.0
OduFlix,Jurassic Park II,Unknown,USA,1992,0.0,0.0,5.0
OduFlix,Jurassic Park II,Unknown,USA,1992,0.0,0.0,5.0
OduFlix,Jurassic Park II,Unknown,USA,1992,0.0,0.0,5.0
OduFlix,Jurassic Park II,Unknown,USA,1992,0.0,0.0,5.0
OduFlix,Jurassic Park II,Unknown,USA,1992,0.0,0.0,5.0
OduFlix,Jurassic Park II,Unknown,USA,1992,0.0,0.0,5.0
OduFlix,Jurassic Park II,Unknown,USA,1992,0.0,0.0,5.0
OduFlix,Jurassic Park II,Unknown,USA,1992,0.0,0.0,5.0
OduFlix,Jurassic Park II,Unknown,USA,1992,0.0,0.0,5.0
OduFlix,Jurassic Park II,Unknown,USA,1992,0.0,0.0,5.0
OduFlix,Jurassic Park II,Unknown,USA,1992,0.0,0.0,5.0
OduFlix,Jurassic Park II,Unknown,USA,1992,0.0,0.0,5.0
OduFlix,Jurassic Park II,Unknown,USA,1992,0.0,0.0,5.0
OduFlix,Jurassic Park II,Unknown,USA,1992,0.0,0.0,5.0
OduFlix,Jurassic Park II,Unknown,USA,1992,0.0,0.0,5.0
OduFlix,Jurassic Park II,Unknown,USA,1992,0.0,0.0,5.0
OduFlix,Jurassic Park II,Unknown,USA,1992,0.0,0.0,5.0
OduFlix,Jurassic Park II,Unknown,USA,1992,0.0,0.0,5.0
OduFlix,Jurassic Park II,Unknown,USA,1992,0.0,0.0,5.0
OduFlix,Jurassic Park II,Unknown,USA,1992,0.0,0.0,5.0
OduFlix,Jurassic Park II,Unknown,USA,1992,0.0,0.0,5.0
OduFlix,Jurassic Park II,Unknown,USA,1992,0.0,0.0,5.0
OduFlix,Jurassic Park II,Unknown,USA,1992,0.0,0.0,5.0
OduFlix,Jurassic Park II,Unknown,USA,1992,0.0,0.0,5.0
OduFlix,Jurassic Park II,Unknown,USA,1992,0.0,0.0,5.0
OduFlix,Jurassic Park II,Unknown,USA,1992,0.0,0.0,5.0
OduFlix,Jurassic Park III,Unknown,USA,1998,0.0,0.0,4.0
OduFlix,Jurassic Park III,Unknown,USA,1998,0.0,0.0,4.0
OduFlix,Jurassic Park III,Unknown,USA,1998,0.0,0.0,4.0
OduFlix,Jurassic Park III,Unknown,USA,1998,0.0,0.0,4.0
OduFlix,,Unknown,,,0.0,0.0,
OduFlix,Jurassic Park III,Unknown,USA,1998,0.0,0.0,4.0
OduFlix,,Unknown,,,0.0,0.0,
OduFlix,Jurassic Park III,Unknown,USA,1998,0.0,0.0,4.0
OduFlix,,Unknown,,,0.0,0.0,
OduFlix,Jurassic Park III,Unknown,USA,1998,0.0,0.0,4.0
OduFlix,Jurassic Park III,Unknown,USA,1998,0.0,0.0,4.0
OduFlix,Jurassic Park III,Unknown,USA,1998,0.0,0.0,4.0
OduFlix,Jurassic Park II,Unknown,USA,1992,0.0,0.0,5.0
OduFlix,Jurassic Park II,Unknown,USA,1992,0.0,0.0,5.0
OduFlix,Jurassic Park II,Unknown,USA,1992,0.0,0.0,5.0
OduFlix,Jurassic Park II,Unknown,USA,1992,0.0,0.0,5.0
OduFlix,Jurassic Park III,Unknown,USA,1998,0.0,0.0,4.0
OduFlix,Jurassic Park III,Unknown,USA,1998,0.0,0.0,4.0
OduFlix,Jurassic Park III,Unknown,USA,1998,0.0,0.0,4.0
OduFlix,Jurassic Park III,Unknown,USA,1998,0.0,0.0,4.0
OduFlix,Jurassic Park III,Unknown,USA,1998,0.0,0.0,4.0
OduFlix,Jurassic Park III,Unknown,USA,1998,0.0,0.0,4.0
OduFlix,Jurassic Park III,Unknown,USA,1998,0.0,0.0,4.0
OduFlix,Jurassic Park III,Unknown,USA,1998,0.0,0.0,4.0
OduFlix,Jurassic Park II,Unknown,USA,1992,0.0,0.0,5.0
OduFlix,Jurassic Park II,Unknown,USA,1992,0.0,0.0,5.0
OduFlix,Jurassic Park II,Unknown,USA,1992,0.0,0.0,5.0
OduFlix,Jurassic Park II,Unknown,USA,1992,0.0,0.0,5.0
OduFlix,Jurassic Park II,Unknown,USA,1992,0.0,0.0,5.0
OduFlix,Jurassic Park II,Unknown,USA,1992,0.0,0.0,5.0
OduFlix,Jurassic Park II,Unknown,USA,1992,0.0,0.0,5.0
OduFlix,Jurassic Park II,Unknown,USA,1992,0.0,0.0,5.0
OduFlix,Jurassic Park II,Unknown,USA,1992,0.0,0.0,5.0
OduFlix,Jurassic Park II,Unknown,USA,1992,0.0,0.0,5.0
OduFlix,Jurassic Park II,Unknown,USA,1992,0.0,0.0,5.0
OduFlix,Jurassic Park II,Unknown,USA,1992,0.0,0.0,5.0
OduFlix,Jurassic Park II,Unknown,USA,1992,0.0,0.0,5.0
OduFlix,Jurassic Park II,Unknown,USA,1992,0.0,0.0,5.0
OduFlix,Jurassic Park II,Unknown,USA,1992,0.0,0.0,5.0
OduFlix,Jurassic Park II,Unknown,USA,1992,0.0,0.0,5.0
OduFlix,Jurassic Park II,Unknown,USA,1992,0.0,0.0,5.0
OduFlix,Jurassic Park III,Unknown,USA,1998,0.0,0.0,4.0
OduFlix,Jurassic Park III,Unknown,USA,1998,0.0,0.0,4.0
OduFlix,Jurassic Park II,Unknown,USA,1992,0.0,0.0,5.0
OduFlix,Jurassic Park III,Unknown,USA,1998,0.0,0.0,4.0
OduFlix,Jurassic Park III,Unknown,USA,1998,0.0,0.0,4.0
OduFlix,Jurassic Park III,Unknown,USA,1998,0.0,0.0,4.0
OduFlix,Jurassic Park III,Unknown,USA,1998,0.0,0.0,4.0
OduFlix,Jurassic Park III,Unknown,USA,1998,0.0,0.0,4.0
OduFlix,Jurassic Park III,Unknown,USA,1998,0.0,0.0,4.0
OduFlix,Jurassic Park III,Unknown,USA,1998,0.0,0.0,4.0
OduFlix,Jurassic Park III,Unknown,USA,1998,0.0,0.0,4.0
OduFlix,Jurassic Park III,Unknown,USA,1998,0.0,0.0,4.0
PearTV,Peppa Pig : The movie,U,GB,2020,0.99,1.5,3.0
PearTV,The Simpsons Movie,12,USA,2000,12.99,19.99,4.0
PearTV,Chitty Chitty Bang Bang,PG,USA,1965,4.99,5.99,3.0
PearTV,Chitty Chitty Bang Bang,PG,USA,1965,4.99,5.99,3.0
PearTV,Chitty Chitty Bang Bang,PG,USA,1965,4.99,5.99,3.0
PearTV,Chitty Chitty Bang Bang,PG,USA,1965,4.99,5.99,3.0
PearTV,Chitty Chitty Bang Bang,PG,USA,1965,4.99,5.99,3.0
BigForest,The Blair Witch Project,12A,USA,1993,0.0,0.0,5.0
BigForest,Barbie,12A,USA,2023,5.99,20.99,5.0
BigForest,The Marvels,12A,FR,2023,1.99,5.99,2.0
BigForest,Diamonds never dies,15,GB,1980,0.0,0.0,3.0
BigForest,Diamonds never dies,15,GB,1980,0.0,0.0,3.0
BigForest,Diamonds never dies,15,GB,1980,0.0,0.0,3.0
BigForest,Diamonds never dies,15,GB,1980,0.0,0.0,3.0
BigForest,Diamonds never dies,15,GB,1980,0.0,0.0,3.0
BigForest,Diamonds never dies,15,GB,1980,0.0,0.0,3.0
BigForest,Diamonds never dies,15,GB,1980,0.0,0.0,3.0
BigForest,Diamonds never dies,15,GB,1980,0.0,0.0,3.0
BigForest,Diamonds never dies,15,GB,1980,0.0,0.0,3.0
BigForest,Diamonds never dies,15,GB,1980,0.0,0.0,3.0
BigForest,Diamonds never dies,15,GB,1980,0.0,0.0,3.0
BigForest,Diamonds never dies,15,GB,1980,0.0,0.0,3.0
BigForest,Diamonds never dies,15,GB,1980,0.0,0.0,3.0
BigForest,Diamonds never dies,15,GB,1980,0.0,0.0,3.0
BigForest,Diamonds never dies,15,GB,1980,0.0,0.0,3.0
BigForest,Diamonds never dies,15,GB,1980,0.0,0.0,3.0
BigForest,Diamonds never dies,15,GB,1980,0.0,0.0,3.0
BigForest,Diamonds never dies,15,GB,1980,0.0,0.0,3.0
BigForest,Diamonds never dies,15,GB,1980,0.0,0.0,3.0
BigForest,Diamonds never dies,15,GB,1980,0.0,0.0,3.0
BigForest,Diamonds never dies,15,GB,1980,0.0,0.0,3.0
BigForest,Diamonds never dies,15,GB,1980,0.0,0.0,3.0
BigForest,Diamonds never dies,15,GB,1980,0.0,0.0,3.0
BigForest,Diamonds never dies,15,GB,1980,0.0,0.0,3.0
BigForest,Diamonds never dies,15,GB,1980,0.0,0.0,3.0
BigForest,Diamonds never dies,15,GB,1980,0.0,0.0,3.0
BigForest,Diamonds never dies,15,GB,1980,0.0,0.0,3.0
BigForest,Diamonds never dies,15,GB,1980,0.0,0.0,3.0
BigForest,Diamonds never dies,15,GB,1980,0.0,0.0,3.0
BigForest,Diamonds never dies,15,GB,1980,0.0,0.0,3.0
BigForest,Diamonds never dies,15,GB,1980,0.0,0.0,3.0
BigForest,Diamonds never dies,15,GB,1980,0.0,0.0,3.0
BigForest,Diamonds never dies,15,GB,1980,0.0,0.0,3.0
BigForest,Diamonds never dies,15,GB,1980,0.0,0.0,3.0
BigForest,Diamonds never dies,15,GB,1980,0.0,0.0,3.0
BigForest,Diamonds never dies,15,GB,1980,0.0,0.0,3.0
BigForest,Diamonds never dies,15,GB,1980,0.0,0.0,3.0
BigForest,Diamonds never dies,15,GB,1980,0.0,0.0,3.0
BigForest,Diamonds never dies,15,GB,1980,0.0,0.0,3.0
BigForest,Diamonds never dies,15,GB,1980,0.0,0.0,3.0
BigForest,Diamonds never dies,15,GB,1980,0.0,0.0,3.0
BigForest,Diamonds never dies,15,GB,1980,0.0,0.0,3.0
BigForest,Diamonds never dies,15,GB,1980,0.0,0.0,3.0
BigForest,Diamonds never dies,15,GB,1980,0.0,0.0,3.0
BigForest,Diamonds never dies,15,GB,1980,0.0,0.0,3.0
BigForest,Diamonds never dies,15,GB,1980,0.0,0.0,3.0
BigForest,Diamonds never dies,15,GB,1980,0.0,0.0,3.0
BigForest,Diamonds never dies,15,GB,1980,0.0,0.0,3.0
BigForest,Diamonds never dies,15,GB,1980,0.0,0.0,3.0
BigForest,Diamonds never dies,15,GB,1980,0.0,0.0,3.0
BigForest,Diamonds never dies,15,GB,1980,0.0,0.0,3.0
BigForest,Diamonds never dies,15,GB,1980,0.0,0.0,3.0
BigForest,Diamonds never dies,15,GB,1980,0.0,0.0,3.0
BigForest,Diamonds never dies,15,GB,1980,0.0,0.0,3.0
BigForest,Diamonds never dies,15,GB,1980,0.0,0.0,3.0
BigForest,Diamonds never dies,15,GB,1980,0.0,0.0,3.0
BigForest,Diamonds never dies,15,GB,1980,0.0,0.0,3.0
BigForest,Diamonds never dies,15,GB,1980,0.0,0.0,3.0
BigForest,Diamonds never dies,15,GB,1980,0.0,0.0,3.0
BigForest,Diamonds never dies,15,GB,1980,0.0,0.0,3.0
BigForest,Diamonds never dies,15,GB,1980,0.0,0.0,3.0
BigForest,Diamonds never dies,15,GB,1980,0.0,0.0,3.0
BigForest,Diamonds never dies,15,GB,1980,0.0,0.0,3.0
BigForest,Diamonds never dies,15,GB,1980,0.0,0.0,3.0
BigForest,Diamonds never dies,15,GB,1980,0.0,0.0,3.0
BigForest,Diamonds never dies,15,GB,1980,0.0,0.0,3.0
BigForest,Diamonds never dies,15,GB,1980,0.0,0.0,3.0
BigForest,Diamonds never dies,15,GB,1980,0.0,0.0,3.0
BigForest,Diamonds never dies,15,GB,1980,0.0,0.0,3.0
BigForest,Diamonds never dies,15,GB,1980,0.0,0.0,3.0
BigForest,Diamonds never dies,15,GB,1980,0.0,0.0,3.0
BigForest,Diamonds never dies,15,GB,1980,0.0,0.0,3.0
BigForest,Diamonds never dies,15,GB,1980,0.0,0.0,3.0
BigForest,Diamonds never dies,15,GB,1980,0.0,0.0,3.0
BigForest,Diamonds never dies,15,GB,1980,0.0,0.0,3.0
BigForest,Diamonds never dies,15,GB,1980,0.0,0.0,3.0
BigForest,Diamonds never dies,15,GB,1980,0.0,0.0,3.0
BigForest,Diamonds never dies,15,GB,1980,0.0,0.0,3.0
BigForest,Diamonds never dies,15,GB,1980,0.0,0.0,3.0
BigForest,Diamonds never dies,15,GB,1980,0.0,0.0,3.0
BigForest,Diamonds never dies,15,GB,1980,0.0,0.0,3.0
BigForest,Diamonds never dies,15,GB,1980,0.0,0.0,3.0
BigForest,Diamonds never dies,15,GB,1980,0.0,0.0,3.0
BigForest,Diamonds never dies,15,GB,1980,0.0,0.0,3.0
BigForest,Diamonds never dies,15,GB,1980,0.0,0.0,3.0
BigForest,Diamonds never dies,15,GB,1980,0.0,0.0,3.0
BigForest,Diamonds never dies,15,GB,1980,0.0,0.0,3.0
BigForest,Diamonds never dies,15,GB,1980,0.0,0.0,3.0
BigForest,Diamonds never dies,15,GB,1980,0.0,0.0,3.0
BigForest,hhhh,U,GB,2025,1.22,1.33,5.0
BigForest,Harry Potter and the Philosophy stone,PG,GB,2001,2.99,5.99,4.0
BigForest,Harry Potter and the goblet of fire,12A,GB,2005,5.99,10.99,5.0
BigForest,Les Miserables,15,FR,1980,0.0,0.0,2.0
BigForest,Diva,15,FR,1980,12.99,15.99,5.0
BigForest,Jurassic World,12A,USA,2022,9.99,14.99,5.0
BigForest,Harry Potter and the Philosophy stone,PG,GB,2001,2.99,5.99,4.0
BigForest,Harry Potter and the goblet of fire,12A,GB,2005,5.99,10.99,5.0
BigForest,Les Miserables,15,FR,1980,0.0,0.0,2.0
BigForest,Diva,15,FR,1980,12.99,15.99,5.0
BigForest,Jurassic World,12A,USA,2022,9.99,14.99,5.0
BigForest,Harry Potter and the Philosophy stone,PG,GB,2001,2.99,5.99,4.0
BigForest,Harry Potter and the goblet of fire,12A,GB,2005,5.99,10.99,5.0
BigForest,Les Miserables,15,FR,1980,0.0,0.0,2.0
BigForest,Diva,15,FR,1980,12.99,15.99,5.0
BigForest,Jurassic World,12A,USA,2022,9.99,14.99,5.0
BigForest,Harry Potter and the Philosophy stone,PG,GB,2001,2.99,5.99,4.0
BigForest,Harry Potter and the goblet of fire,12A,GB,2005,5.99,10.99,5.0
BigForest,Les Miserables,15,FR,1980,0.0,0.0,2.0
BigForest,Diva,15,FR,1980,12.99,15.99,5.0
BigForest,Jurassic World,12A,USA,2022,9.99,14.99,5.0
BigForest,Harry Potter and the Philosophy stone,PG,GB,2001,2.99,5.99,4.0
BigForest,Harry Potter and the goblet of fire,12A,GB,2005,5.99,10.99,5.0
BigForest,Les Miserables,15,FR,1980,0.0,0.0,2.0
BigForest,Diva,15,FR,1980,12.99,15.99,5.0
BigForest,Jurassic World,12A,USA,2022,9.99,14.99,5.0
BigForest,Harry Potter and the Philosophy stone,PG,GB,2001,2.99,5.99,4.0
BigForest,Harry Potter and the goblet of fire,12A,GB,2005,5.99,10.99,5.0
BigForest,Les Miserables,15,FR,1980,0.0,0.0,2.0
BigForest,Diva,15,FR,1980,12.99,15.99,5.0
BigForest,Jurassic World,12A,USA,2022,9.99,14.99,5.0
BigForest,Harry Potter and the Philosophy stone,PG,GB,2001,2.99,5.99,4.0
BigForest,Harry Potter and the goblet of fire,12A,GB,2005,5.99,10.99,5.0
BigForest,Les Miserables,15,FR,1980,0.0,0.0,2.0
BigForest,Diva,15,FR,1980,12.99,15.99,5.0
BigForest,Jurassic World,12A,USA,2022,9.99,14.99,5.0
BigForest,Harry Potter and the Philosophy stone,PG,GB,2001,2.99,5.99,4.0
BigForest,Harry Potter and the goblet of fire,12A,GB,2005,5.99,10.99,5.0
BigForest,Les Miserables,15,FR,1980,0.0,0.0,2.0
BigForest,Diva,15,FR,1980,12.99,15.99,5.0
BigForest,Jurassic World,12A,USA,2022,9.99,14.99,5.0
BigForest,Harry Potter and the Philosophy stone,PG,GB,2001,2.99,5.99,4.0
BigForest,Harry Potter and the goblet of fire,12A,GB,2005,5.99,10.99,5.0
BigForest,Les Miserables,15,FR,1980,0.0,0.0,2.0
BigForest,Diva,15,FR,1980,12.99,15.99,5.0
BigForest,Jurassic World,12A,USA,2022,9.99,14.99,5.0
BigForest,Harry Potter and the Philosophy stone,PG,GB,2001,2.99,5.99,4.0
BigForest,Harry Potter and the goblet of fire,12A,GB,2005,5.99,10.99,5.0
BigForest,Les Miserables,15,FR,1980,0.0,0.0,2.0
BigForest,Diva,15,FR,1980,12.99,15.99,5.0
BigForest,Jurassic World,12A,USA,2022,9.99,14.99,5.0
BigForest,Harry Potter and the Philosophy stone,PG,GB,2001,2.99,5.99,4.0
BigForest,Harry Potter and the goblet of fire,12A,GB,2005,5.99,10.99,5.0
BigForest,Les Miserables,15,FR,1980,0.0,0.0,2.0
BigForest,Diva,15,FR,1980,12.99,15.99,5.0
BigForest,Jurassic World,12A,USA,2022,9.99,14.99,5.0
BigForest,Harry Potter and the Philosophy stone,PG,GB,2001,2.99,5.99,4.0
BigForest,Harry Potter and the goblet of fire,12A,GB,2005,5.99,10.99,5.0
BigForest,Les Miserables,15,FR,1980,0.0,0.0,2.0
BigForest,Diva,15,FR,1980,12.99,15.99,5.0
BigForest,Jurassic World,12A,USA,2022,9.99,14.99,5.0
BigForest,Harry Potter and the Philosophy stone,PG,GB,2001,2.99,5.99,4.0
BigForest,Harry Potter and the goblet of fire,12A,GB,2005,5.99,10.99,5.0
BigForest,Les Miserables,15,FR,1980,0.0,0.0,2.0
BigForest,Diva,15,FR,1980,12.99,15.99,5.0
BigForest,Jurassic World,12A,USA,2022,9.99,14.99,5.0
BigForest,Harry Potter and the Philosophy stone,PG,GB,2001,2.99,5.99,4.0
BigForest,Harry Potter and the goblet of fire,12A,GB,2005,5.99,10.99,5.0
BigForest,Les Miserables,15,FR,1980,0.0,0.0,2.0
BigForest,Diva,15,FR,1980,12.99,15.99,5.0
BigForest,Jurassic World,12A,USA,2022,9.99,14.99,5.0
CCD,Dr Who Series 15, PG, GB,2023,0.0,0.0,0.0
CCD,The Fall Series 1, 15, GB,2020,0.0,0.0,0.0
CCD,The Fall Series 2, 15, GB,2021,0.0,0.0,0.0
CCD,The Fall Series 3, 15, GB,2022,0.0,0.0,0.0
CCD,Inside No 9, 15, GB,2009,0.0,0.0,0.0
CCD,The coronation of King Charles III, U, GB,2023,0.0,0.0,0.0
CCD,StoryVille, 12, GB,2000,0.0,0.0,0.0
CCD,Maigret, 15, FR,1990,0.0,0.0,0.0
CCD,News at 10,12,GB,2024,0.0,0.0,0.0
CCD,N,w,s, ,0.0,0.0,0.0
CCD,N,w,s, ,0.0,0.0,0.0
CCD,News at 10,12,GB,2024,0.0,0.0,0.0
CCD,News at 10,12,GB,2024,0.0,0.0,0.0
CCD,News at 10,12,GB,2024,0.0,0.0,0.0
CCD,N,w,s, ,0.0,0.0,0.0
CCD,N,w,s, ,0.0,0.0,0.0
CCD,N,w,s, ,0.0,0.0,0.0
CCD,News at 10, 12, GB, 2024,0.0,0.0,0.0
CCD,News at 10, 12, GB, 2024,0.0,0.0,0.0
CCD,hh,U,GB,2025,0.0,0.0,0.0
CCD,News at 10, 12, GB, 2024,0.0,0.0,0.0
CCD,News at 10,12,GB,2024,0.0,0.0,0.0
CCD,News at 10,12,GB,2024,0.0,0.0,0.0
CCD,News at 10,12,GB,2024,0.0,0.0,0.0
CCD,News at 10,12,GB,2024,0.0,0.0,0.0
CCD,News at 10,12,GB,2024,0.0,0.0,0.0
CCD,News at 10,12,GB,2024,0.0,0.0,0.0
CCD,News at 10,12,GB,2024,0.0,0.0,0.0
CCD,News at 10,12,GB,2024,0.0,0.0,0.0
CCD,News at 10,12,GB,2024,0.0,0.0,0.0
CCD,News at 10,12,GB,2024,0.0,0.0,0.0
CCD,News at 10,12,GB,2024,0.0,0.0,0.0
CCD,News at 10,12,GB,2024,0.0,0.0,0.0
CCD,News at 10,12,GB,2024,0.0,0.0,0.0
CCD,News at 10,12,GB,2024,0.0,0.0,0.0
CCD,News at 10,12,GB,2024,0.0,0.0,0.0
CCD,News at 10,12,GB,2024,0.0,0.0,0.0
CCD,News at 10,12,GB,2024,0.0,0.0,0.0
CCD,News at 10, 12, GB, 2024,0.0,0.0,0.0
CCD,News at 10, 12, GB, 2024,0.0,0.0,0.0
CCD,News at 10,12,GB,2024,0.0,0.0,0.0
CCD,News at 10, 12, GB, 2024,0.0,0.0,0.0
CCD,News at 10, 12, GB, 2024,0.0,0.0,0.0
CCD,News at 10, 12, GB, 2024,0.0,0.0,0.0
CCD,News at 10, 12, GB, 2024,0.0,0.0,0.0
CCD,News at 10, 12, GB, 2024,0.0,0.0,0.0
CCD,News at 10, 12, GB, 2024,0.0,0.0,0.0
CCD,News at 10, 12, GB, 2024,0.0,0.0,0.0
CCD,News at 10, 12, GB, 2024,0.0,0.0,0.0
CCD,News at 10, 12, GB, 2024,0.0,0.0,0.0
